{"Water":78.79675675675675,"Energy":77.05405405405405,"Protein":1.06,"Total lipid (fat)":0.7545945945945944,"Carbohydrate, by difference":18.75918918918919,"Fiber, total dietary":2.8486486486486484,"Sugars, total":10.34972972972973,"Calcium, Ca":21.10810810810811,"Iron, Fe":0.5216216216216217,"Magnesium, Mg":15.432432432432432,"Phosphorus, P":26.7027027027027,"Potassium, K":256.27027027027026,"Sodium, Na":2.324324324324324,"Zinc, Zn":0.15135135135135128,"Vitamin C, total ascorbic acid":37.627027027027026,"Thiamin":0.04494594594594596,"Riboflavin":0.08640540540540541,"Niacin":0.5031891891891891,"Vitamin B-6":0.10208108108108109,"Folate, DFE":16.54054054054054,"Vitamin B-12":0.0,"Vitamin A, RAE":10.054054054054054,"Vitamin A, IU":202.9189189189189,"Vitamin E (alpha-tocopherol)":0.3824324324324324,"Vitamin D (D2 + D3)":0.0,"Vitamin D":0.0,"Vitamin K (phylloquinone)":4.33243243243243,"Fatty acids, total saturated":0.10954054054054052,"Fatty acids, total monounsaturated":0.31054054054054053,"Fatty acids, total polyunsaturated":0.15745945945945947,"Cholesterol":0.0,"Caffeine":0.0}